Age,Embarked,Fare,Parch,PassengerId,Pclass,Sex,SibSp,Survived,clean_title,cabin_letter
22.0,S,7.25,0,1,3,male,1,0.0,Mr,
38.0,C,71.2833,0,2,1,female,1,1.0,Mrs,C
26.0,S,7.925,0,3,3,female,0,1.0,Miss,
35.0,S,53.1,0,4,1,female,1,1.0,Mrs,C
35.0,S,8.05,0,5,3,male,0,0.0,Mr,
,Q,8.4583,0,6,3,male,0,0.0,Mr,
54.0,S,51.8625,0,7,1,male,0,0.0,Mr,E
2.0,S,21.075,1,8,3,male,3,0.0,Master,
27.0,S,11.1333,2,9,3,female,0,1.0,Mrs,
14.0,C,30.0708,0,10,2,female,1,1.0,Mrs,
4.0,S,16.7,1,11,3,female,1,1.0,Miss,G
58.0,S,26.55,0,12,1,female,0,1.0,Miss,C
20.0,S,8.05,0,13,3,male,0,0.0,Mr,
39.0,S,31.275,5,14,3,male,1,0.0,Mr,
14.0,S,7.8542,0,15,3,female,0,0.0,Miss,
55.0,S,16.0,0,16,2,female,0,1.0,Mrs,
2.0,Q,29.125,1,17,3,male,4,0.0,Master,
,S,13.0,0,18,2,male,0,1.0,Mr,
31.0,S,18.0,0,19,3,female,1,0.0,Mrs,
,C,7.225,0,20,3,female,0,1.0,Mrs,
35.0,S,26.0,0,21,2,male,0,0.0,Mr,
34.0,S,13.0,0,22,2,male,0,1.0,Mr,D
15.0,Q,8.0292,0,23,3,female,0,1.0,Miss,
28.0,S,35.5,0,24,1,male,0,1.0,Mr,A
8.0,S,21.075,1,25,3,female,3,0.0,Miss,
38.0,S,31.3875,5,26,3,female,1,1.0,Mrs,
,C,7.225,0,27,3,male,0,0.0,Mr,
19.0,S,263.0,2,28,1,male,3,0.0,Mr,C
,Q,7.8792,0,29,3,female,0,1.0,Miss,
,S,7.8958,0,30,3,male,0,0.0,Mr,
40.0,C,27.7208,0,31,1,male,0,0.0,other,
,C,146.5208,0,32,1,female,1,1.0,Mrs,B
,Q,7.75,0,33,3,female,0,1.0,Miss,
66.0,S,10.5,0,34,2,male,0,0.0,Mr,
28.0,C,82.1708,0,35,1,male,1,0.0,Mr,
42.0,S,52.0,0,36,1,male,1,0.0,Mr,
,C,7.2292,0,37,3,male,0,1.0,Mr,
21.0,S,8.05,0,38,3,male,0,0.0,Mr,
18.0,S,18.0,0,39,3,female,2,0.0,Miss,
14.0,C,11.2417,0,40,3,female,1,1.0,Miss,
40.0,S,9.475,0,41,3,female,1,0.0,Mrs,
27.0,S,21.0,0,42,2,female,1,0.0,Mrs,
,C,7.8958,0,43,3,male,0,0.0,Mr,
3.0,C,41.5792,2,44,2,female,1,1.0,Miss,
19.0,Q,7.8792,0,45,3,female,0,1.0,Miss,
,S,8.05,0,46,3,male,0,0.0,Mr,
,Q,15.5,0,47,3,male,1,0.0,Mr,
,Q,7.75,0,48,3,female,0,1.0,Miss,
,C,21.6792,0,49,3,male,2,0.0,Mr,
18.0,S,17.8,0,50,3,female,1,0.0,Mrs,
7.0,S,39.6875,1,51,3,male,4,0.0,Master,
21.0,S,7.8,0,52,3,male,0,0.0,Mr,
49.0,C,76.7292,0,53,1,female,1,1.0,Mrs,D
29.0,S,26.0,0,54,2,female,1,1.0,Mrs,
65.0,C,61.9792,1,55,1,male,0,0.0,Mr,B
,S,35.5,0,56,1,male,0,1.0,Mr,C
21.0,S,10.5,0,57,2,female,0,1.0,Miss,
28.5,C,7.2292,0,58,3,male,0,0.0,Mr,
5.0,S,27.75,2,59,2,female,1,1.0,Miss,
11.0,S,46.9,2,60,3,male,5,0.0,Master,
22.0,C,7.2292,0,61,3,male,0,0.0,Mr,
38.0,,80.0,0,62,1,female,0,1.0,Miss,B
45.0,S,83.475,0,63,1,male,1,0.0,Mr,C
4.0,S,27.9,2,64,3,male,3,0.0,Master,
,C,27.7208,0,65,1,male,0,0.0,Mr,
,C,15.2458,1,66,3,male,1,1.0,Master,
29.0,S,10.5,0,67,2,female,0,1.0,Mrs,F
19.0,S,8.1583,0,68,3,male,0,0.0,Mr,
17.0,S,7.925,2,69,3,female,4,1.0,Miss,
26.0,S,8.6625,0,70,3,male,2,0.0,Mr,
32.0,S,10.5,0,71,2,male,0,0.0,Mr,
16.0,S,46.9,2,72,3,female,5,0.0,Miss,
21.0,S,73.5,0,73,2,male,0,0.0,Mr,
26.0,C,14.4542,0,74,3,male,1,0.0,Mr,
32.0,S,56.4958,0,75,3,male,0,1.0,Mr,
25.0,S,7.65,0,76,3,male,0,0.0,Mr,F
,S,7.8958,0,77,3,male,0,0.0,Mr,
,S,8.05,0,78,3,male,0,0.0,Mr,
0.83,S,29.0,2,79,2,male,0,1.0,Master,
30.0,S,12.475,0,80,3,female,0,1.0,Miss,
22.0,S,9.0,0,81,3,male,0,0.0,Mr,
29.0,S,9.5,0,82,3,male,0,1.0,Mr,
,Q,7.7875,0,83,3,female,0,1.0,Miss,
28.0,S,47.1,0,84,1,male,0,0.0,Mr,
17.0,S,10.5,0,85,2,female,0,1.0,Miss,
33.0,S,15.85,0,86,3,female,3,1.0,Mrs,
16.0,S,34.375,3,87,3,male,1,0.0,Mr,
,S,8.05,0,88,3,male,0,0.0,Mr,
23.0,S,263.0,2,89,1,female,3,1.0,Miss,C
24.0,S,8.05,0,90,3,male,0,0.0,Mr,
29.0,S,8.05,0,91,3,male,0,0.0,Mr,
20.0,S,7.8542,0,92,3,male,0,0.0,Mr,
46.0,S,61.175,0,93,1,male,1,0.0,Mr,E
26.0,S,20.575,2,94,3,male,1,0.0,Mr,
59.0,S,7.25,0,95,3,male,0,0.0,Mr,
,S,8.05,0,96,3,male,0,0.0,Mr,
71.0,C,34.6542,0,97,1,male,0,0.0,Mr,A
23.0,C,63.3583,1,98,1,male,0,1.0,Mr,D
34.0,S,23.0,1,99,2,female,0,1.0,Mrs,
34.0,S,26.0,0,100,2,male,1,0.0,Mr,
28.0,S,7.8958,0,101,3,female,0,0.0,Miss,
,S,7.8958,0,102,3,male,0,0.0,Mr,
21.0,S,77.2875,1,103,1,male,0,0.0,Mr,D
33.0,S,8.6542,0,104,3,male,0,0.0,Mr,
37.0,S,7.925,0,105,3,male,2,0.0,Mr,
28.0,S,7.8958,0,106,3,male,0,0.0,Mr,
21.0,S,7.65,0,107,3,female,0,1.0,Miss,
,S,7.775,0,108,3,male,0,1.0,Mr,
38.0,S,7.8958,0,109,3,male,0,0.0,Mr,
,Q,24.15,0,110,3,female,1,1.0,Miss,
47.0,S,52.0,0,111,1,male,0,0.0,Mr,C
14.5,C,14.4542,0,112,3,female,1,0.0,Miss,
22.0,S,8.05,0,113,3,male,0,0.0,Mr,
20.0,S,9.825,0,114,3,female,1,0.0,Miss,
17.0,C,14.4583,0,115,3,female,0,0.0,Miss,
21.0,S,7.925,0,116,3,male,0,0.0,Mr,
70.5,Q,7.75,0,117,3,male,0,0.0,Mr,
29.0,S,21.0,0,118,2,male,1,0.0,Mr,
24.0,C,247.5208,1,119,1,male,0,0.0,Mr,B
2.0,S,31.275,2,120,3,female,4,0.0,Miss,
21.0,S,73.5,0,121,2,male,2,0.0,Mr,
,S,8.05,0,122,3,male,0,0.0,Mr,
32.5,C,30.0708,0,123,2,male,1,0.0,Mr,
32.5,S,13.0,0,124,2,female,0,1.0,Miss,E
54.0,S,77.2875,1,125,1,male,0,0.0,Mr,D
12.0,C,11.2417,0,126,3,male,1,1.0,Master,
,Q,7.75,0,127,3,male,0,0.0,Mr,
24.0,S,7.1417,0,128,3,male,0,1.0,Mr,
,C,22.3583,1,129,3,female,1,1.0,Miss,F
45.0,S,6.975,0,130,3,male,0,0.0,Mr,
33.0,C,7.8958,0,131,3,male,0,0.0,Mr,
20.0,S,7.05,0,132,3,male,0,0.0,Mr,
47.0,S,14.5,0,133,3,female,1,0.0,Mrs,
29.0,S,26.0,0,134,2,female,1,1.0,Mrs,
25.0,S,13.0,0,135,2,male,0,0.0,Mr,
23.0,C,15.0458,0,136,2,male,0,0.0,Mr,
19.0,S,26.2833,2,137,1,female,0,1.0,Miss,D
37.0,S,53.1,0,138,1,male,1,0.0,Mr,C
16.0,S,9.2167,0,139,3,male,0,0.0,Mr,
24.0,C,79.2,0,140,1,male,0,0.0,Mr,B
,C,15.2458,2,141,3,female,0,0.0,Mrs,
22.0,S,7.75,0,142,3,female,0,1.0,Miss,
24.0,S,15.85,0,143,3,female,1,1.0,Mrs,
19.0,Q,6.75,0,144,3,male,0,0.0,Mr,
18.0,S,11.5,0,145,2,male,0,0.0,Mr,
19.0,S,36.75,1,146,2,male,1,0.0,Mr,
27.0,S,7.7958,0,147,3,male,0,1.0,Mr,
9.0,S,34.375,2,148,3,female,2,0.0,Miss,
36.5,S,26.0,2,149,2,male,0,0.0,Mr,F
42.0,S,13.0,0,150,2,male,0,0.0,Rev,
51.0,S,12.525,0,151,2,male,0,0.0,Rev,
22.0,S,66.6,0,152,1,female,1,1.0,Mrs,C
55.5,S,8.05,0,153,3,male,0,0.0,Mr,
40.5,S,14.5,2,154,3,male,0,0.0,Mr,
,S,7.3125,0,155,3,male,0,0.0,Mr,
51.0,C,61.3792,1,156,1,male,0,0.0,Mr,
16.0,Q,7.7333,0,157,3,female,0,1.0,Miss,
30.0,S,8.05,0,158,3,male,0,0.0,Mr,
,S,8.6625,0,159,3,male,0,0.0,Mr,
,S,69.55,2,160,3,male,8,0.0,Master,
44.0,S,16.1,1,161,3,male,0,0.0,Mr,
40.0,S,15.75,0,162,2,female,0,1.0,Mrs,
26.0,S,7.775,0,163,3,male,0,0.0,Mr,
17.0,S,8.6625,0,164,3,male,0,0.0,Mr,
1.0,S,39.6875,1,165,3,male,4,0.0,Master,
9.0,S,20.525,2,166,3,male,0,1.0,Master,
,S,55.0,1,167,1,female,0,1.0,Mrs,E
45.0,S,27.9,4,168,3,female,1,0.0,Mrs,
,S,25.925,0,169,1,male,0,0.0,Mr,
28.0,S,56.4958,0,170,3,male,0,0.0,Mr,
61.0,S,33.5,0,171,1,male,0,0.0,Mr,B
4.0,Q,29.125,1,172,3,male,4,0.0,Master,
1.0,S,11.1333,1,173,3,female,1,1.0,Miss,
21.0,S,7.925,0,174,3,male,0,0.0,Mr,
56.0,C,30.6958,0,175,1,male,0,0.0,Mr,A
18.0,S,7.8542,1,176,3,male,1,0.0,Mr,
,S,25.4667,1,177,3,male,3,0.0,Master,
50.0,C,28.7125,0,178,1,female,0,0.0,Miss,C
30.0,S,13.0,0,179,2,male,0,0.0,Mr,
36.0,S,0.0,0,180,3,male,0,0.0,Mr,
,S,69.55,2,181,3,female,8,0.0,Miss,
,C,15.05,0,182,2,male,0,0.0,Mr,
9.0,S,31.3875,2,183,3,male,4,0.0,Master,
1.0,S,39.0,1,184,2,male,2,1.0,Master,F
4.0,S,22.025,2,185,3,female,0,1.0,Miss,
,S,50.0,0,186,1,male,0,0.0,Mr,A
,Q,15.5,0,187,3,female,1,1.0,Mrs,
45.0,S,26.55,0,188,1,male,0,1.0,Mr,
40.0,Q,15.5,1,189,3,male,1,0.0,Mr,
36.0,S,7.8958,0,190,3,male,0,0.0,Mr,
32.0,S,13.0,0,191,2,female,0,1.0,Mrs,
19.0,S,13.0,0,192,2,male,0,0.0,Mr,
19.0,S,7.8542,0,193,3,female,1,1.0,Miss,
3.0,S,26.0,1,194,2,male,1,1.0,Master,F
44.0,C,27.7208,0,195,1,female,0,1.0,Mrs,B
58.0,C,146.5208,0,196,1,female,0,1.0,Miss,B
,Q,7.75,0,197,3,male,0,0.0,Mr,
42.0,S,8.4042,1,198,3,male,0,0.0,Mr,
,Q,7.75,0,199,3,female,0,1.0,Miss,
24.0,S,13.0,0,200,2,female,0,0.0,Miss,
28.0,S,9.5,0,201,3,male,0,0.0,Mr,
,S,69.55,2,202,3,male,8,0.0,Mr,
34.0,S,6.4958,0,203,3,male,0,0.0,Mr,
45.5,C,7.225,0,204,3,male,0,0.0,Mr,
18.0,S,8.05,0,205,3,male,0,1.0,Mr,
2.0,S,10.4625,1,206,3,female,0,0.0,Miss,G
32.0,S,15.85,0,207,3,male,1,0.0,Mr,
26.0,C,18.7875,0,208,3,male,0,1.0,Mr,
16.0,Q,7.75,0,209,3,female,0,1.0,Miss,
40.0,C,31.0,0,210,1,male,0,1.0,Mr,A
24.0,S,7.05,0,211,3,male,0,0.0,Mr,
35.0,S,21.0,0,212,2,female,0,1.0,Miss,
22.0,S,7.25,0,213,3,male,0,0.0,Mr,
30.0,S,13.0,0,214,2,male,0,0.0,Mr,
,Q,7.75,0,215,3,male,1,0.0,Mr,
31.0,C,113.275,0,216,1,female,1,1.0,Miss,D
27.0,S,7.925,0,217,3,female,0,1.0,Miss,
42.0,S,27.0,0,218,2,male,1,0.0,Mr,
32.0,C,76.2917,0,219,1,female,0,1.0,Miss,D
30.0,S,10.5,0,220,2,male,0,0.0,Mr,
16.0,S,8.05,0,221,3,male,0,1.0,Mr,
27.0,S,13.0,0,222,2,male,0,0.0,Mr,
51.0,S,8.05,0,223,3,male,0,0.0,Mr,
,S,7.8958,0,224,3,male,0,0.0,Mr,
38.0,S,90.0,0,225,1,male,1,1.0,Mr,C
22.0,S,9.35,0,226,3,male,0,0.0,Mr,
19.0,S,10.5,0,227,2,male,0,1.0,Mr,
20.5,S,7.25,0,228,3,male,0,0.0,Mr,
18.0,S,13.0,0,229,2,male,0,0.0,Mr,
,S,25.4667,1,230,3,female,3,0.0,Miss,
35.0,S,83.475,0,231,1,female,1,1.0,Mrs,C
29.0,S,7.775,0,232,3,male,0,0.0,Mr,
59.0,S,13.5,0,233,2,male,0,0.0,Mr,
5.0,S,31.3875,2,234,3,female,4,1.0,Miss,
24.0,S,10.5,0,235,2,male,0,0.0,Mr,
,S,7.55,0,236,3,female,0,0.0,Miss,
44.0,S,26.0,0,237,2,male,1,0.0,Mr,
8.0,S,26.25,2,238,2,female,0,1.0,Miss,
19.0,S,10.5,0,239,2,male,0,0.0,Mr,
33.0,S,12.275,0,240,2,male,0,0.0,Mr,
,C,14.4542,0,241,3,female,1,0.0,Miss,
,Q,15.5,0,242,3,female,1,1.0,Miss,
29.0,S,10.5,0,243,2,male,0,0.0,Mr,
22.0,S,7.125,0,244,3,male,0,0.0,Mr,
30.0,C,7.225,0,245,3,male,0,0.0,Mr,
44.0,Q,90.0,0,246,1,male,2,0.0,Dr,C
25.0,S,7.775,0,247,3,female,0,0.0,Miss,
24.0,S,14.5,2,248,2,female,0,1.0,Mrs,
37.0,S,52.5542,1,249,1,male,1,1.0,Mr,D
54.0,S,26.0,0,250,2,male,1,0.0,Rev,
,S,7.25,0,251,3,male,0,0.0,Mr,
29.0,S,10.4625,1,252,3,female,1,0.0,Mrs,G
62.0,S,26.55,0,253,1,male,0,0.0,Mr,C
30.0,S,16.1,0,254,3,male,1,0.0,Mr,
41.0,S,20.2125,2,255,3,female,0,0.0,Mrs,
29.0,C,15.2458,2,256,3,female,0,1.0,Mrs,
,C,79.2,0,257,1,female,0,1.0,Mrs,
30.0,S,86.5,0,258,1,female,0,1.0,Miss,B
35.0,C,512.3292,0,259,1,female,0,1.0,Miss,
50.0,S,26.0,1,260,2,female,0,1.0,Mrs,
,Q,7.75,0,261,3,male,0,0.0,Mr,
3.0,S,31.3875,2,262,3,male,4,1.0,Master,
52.0,S,79.65,1,263,1,male,1,0.0,Mr,E
40.0,S,0.0,0,264,1,male,0,0.0,Mr,B
,Q,7.75,0,265,3,female,0,0.0,Miss,
36.0,S,10.5,0,266,2,male,0,0.0,Mr,
16.0,S,39.6875,1,267,3,male,4,0.0,Mr,
25.0,S,7.775,0,268,3,male,1,1.0,Mr,
58.0,S,153.4625,1,269,1,female,0,1.0,Mrs,C
35.0,S,135.6333,0,270,1,female,0,1.0,Miss,C
,S,31.0,0,271,1,male,0,0.0,Mr,
25.0,S,0.0,0,272,3,male,0,1.0,Mr,
41.0,S,19.5,1,273,2,female,0,1.0,Mrs,
37.0,C,29.7,1,274,1,male,0,0.0,Mr,C
,Q,7.75,0,275,3,female,0,1.0,Miss,
63.0,S,77.9583,0,276,1,female,1,1.0,Miss,D
45.0,S,7.75,0,277,3,female,0,0.0,Miss,
,S,0.0,0,278,2,male,0,0.0,Mr,
7.0,Q,29.125,1,279,3,male,4,0.0,Master,
35.0,S,20.25,1,280,3,female,1,1.0,Mrs,
65.0,Q,7.75,0,281,3,male,0,0.0,Mr,
28.0,S,7.8542,0,282,3,male,0,0.0,Mr,
16.0,S,9.5,0,283,3,male,0,0.0,Mr,
19.0,S,8.05,0,284,3,male,0,1.0,Mr,
,S,26.0,0,285,1,male,0,0.0,Mr,A
33.0,C,8.6625,0,286,3,male,0,0.0,Mr,
30.0,S,9.5,0,287,3,male,0,1.0,Mr,
22.0,S,7.8958,0,288,3,male,0,0.0,Mr,
42.0,S,13.0,0,289,2,male,0,1.0,Mr,
22.0,Q,7.75,0,290,3,female,0,1.0,Miss,
26.0,S,78.85,0,291,1,female,0,1.0,Miss,
19.0,C,91.0792,0,292,1,female,1,1.0,Mrs,B
36.0,C,12.875,0,293,2,male,0,0.0,Mr,D
24.0,S,8.85,0,294,3,female,0,0.0,Miss,
24.0,S,7.8958,0,295,3,male,0,0.0,Mr,
,C,27.7208,0,296,1,male,0,0.0,Mr,
23.5,C,7.2292,0,297,3,male,0,0.0,Mr,
2.0,S,151.55,2,298,1,female,1,0.0,Miss,C
,S,30.5,0,299,1,male,0,1.0,Mr,C
50.0,C,247.5208,1,300,1,female,0,1.0,Mrs,B
,Q,7.75,0,301,3,female,0,1.0,Miss,
,Q,23.25,0,302,3,male,2,1.0,Mr,
19.0,S,0.0,0,303,3,male,0,0.0,Mr,
,Q,12.35,0,304,2,female,0,1.0,Miss,E
,S,8.05,0,305,3,male,0,0.0,Mr,
0.92,S,151.55,2,306,1,male,1,1.0,Master,C
,C,110.8833,0,307,1,female,0,1.0,Miss,
17.0,C,108.9,0,308,1,female,1,1.0,Mrs,C
30.0,C,24.0,0,309,2,male,1,0.0,Mr,
30.0,C,56.9292,0,310,1,female,0,1.0,Miss,E
24.0,C,83.1583,0,311,1,female,0,1.0,Miss,C
18.0,C,262.375,2,312,1,female,2,1.0,Miss,B
26.0,S,26.0,1,313,2,female,1,0.0,Mrs,
28.0,S,7.8958,0,314,3,male,0,0.0,Mr,
43.0,S,26.25,1,315,2,male,1,0.0,Mr,
26.0,S,7.8542,0,316,3,female,0,1.0,Miss,
24.0,S,26.0,0,317,2,female,1,1.0,Mrs,
54.0,S,14.0,0,318,2,male,0,0.0,Dr,
31.0,S,164.8667,2,319,1,female,0,1.0,Miss,C
40.0,C,134.5,1,320,1,female,1,1.0,Mrs,E
22.0,S,7.25,0,321,3,male,0,0.0,Mr,
27.0,S,7.8958,0,322,3,male,0,0.0,Mr,
30.0,Q,12.35,0,323,2,female,0,1.0,Miss,
22.0,S,29.0,1,324,2,female,1,1.0,Mrs,
,S,69.55,2,325,3,male,8,0.0,Mr,
36.0,C,135.6333,0,326,1,female,0,1.0,Miss,C
61.0,S,6.2375,0,327,3,male,0,0.0,Mr,
36.0,S,13.0,0,328,2,female,0,1.0,Mrs,D
31.0,S,20.525,1,329,3,female,1,1.0,Mrs,
16.0,C,57.9792,1,330,1,female,0,1.0,Miss,B
,Q,23.25,0,331,3,female,2,1.0,Miss,
45.5,S,28.5,0,332,1,male,0,0.0,Mr,C
38.0,S,153.4625,1,333,1,male,0,0.0,Mr,C
16.0,S,18.0,0,334,3,male,2,0.0,Mr,
,S,133.65,0,335,1,female,1,1.0,Mrs,
,S,7.8958,0,336,3,male,0,0.0,Mr,
29.0,S,66.6,0,337,1,male,1,0.0,Mr,C
41.0,C,134.5,0,338,1,female,0,1.0,Miss,E
45.0,S,8.05,0,339,3,male,0,1.0,Mr,
45.0,S,35.5,0,340,1,male,0,0.0,Mr,T
2.0,S,26.0,1,341,2,male,1,1.0,Master,F
24.0,S,263.0,2,342,1,female,3,1.0,Miss,C
28.0,S,13.0,0,343,2,male,0,0.0,Mr,
25.0,S,13.0,0,344,2,male,0,0.0,Mr,
36.0,S,13.0,0,345,2,male,0,0.0,Mr,
24.0,S,13.0,0,346,2,female,0,1.0,Miss,F
40.0,S,13.0,0,347,2,female,0,1.0,Miss,
,S,16.1,0,348,3,female,1,1.0,Mrs,
3.0,S,15.9,1,349,3,male,1,1.0,Master,
42.0,S,8.6625,0,350,3,male,0,0.0,Mr,
23.0,S,9.225,0,351,3,male,0,0.0,Mr,
,S,35.0,0,352,1,male,0,0.0,Mr,C
15.0,C,7.2292,1,353,3,male,1,0.0,Mr,
25.0,S,17.8,0,354,3,male,1,0.0,Mr,
,C,7.225,0,355,3,male,0,0.0,Mr,
28.0,S,9.5,0,356,3,male,0,0.0,Mr,
22.0,S,55.0,1,357,1,female,0,1.0,Miss,E
38.0,S,13.0,0,358,2,female,0,0.0,Miss,
,Q,7.8792,0,359,3,female,0,1.0,Miss,
,Q,7.8792,0,360,3,female,0,1.0,Miss,
40.0,S,27.9,4,361,3,male,1,0.0,Mr,
29.0,C,27.7208,0,362,2,male,1,0.0,Mr,
45.0,C,14.4542,1,363,3,female,0,0.0,Mrs,
35.0,S,7.05,0,364,3,male,0,0.0,Mr,
,Q,15.5,0,365,3,male,1,0.0,Mr,
30.0,S,7.25,0,366,3,male,0,0.0,Mr,
60.0,C,75.25,0,367,1,female,1,1.0,Mrs,D
,C,7.2292,0,368,3,female,0,1.0,Mrs,
,Q,7.75,0,369,3,female,0,1.0,Miss,
24.0,C,69.3,0,370,1,female,0,1.0,other,B
25.0,C,55.4417,0,371,1,male,1,1.0,Mr,E
18.0,S,6.4958,0,372,3,male,1,0.0,Mr,
19.0,S,8.05,0,373,3,male,0,0.0,Mr,
22.0,C,135.6333,0,374,1,male,0,0.0,Mr,
3.0,S,21.075,1,375,3,female,3,0.0,Miss,
,C,82.1708,0,376,1,female,1,1.0,Mrs,
22.0,S,7.25,0,377,3,female,0,1.0,Miss,
27.0,C,211.5,2,378,1,male,0,0.0,Mr,C
20.0,C,4.0125,0,379,3,male,0,0.0,Mr,
19.0,S,7.775,0,380,3,male,0,0.0,Mr,
42.0,C,227.525,0,381,1,female,0,1.0,Miss,
1.0,C,15.7417,2,382,3,female,0,1.0,Miss,
32.0,S,7.925,0,383,3,male,0,0.0,Mr,
35.0,S,52.0,0,384,1,female,1,1.0,Mrs,
,S,7.8958,0,385,3,male,0,0.0,Mr,
18.0,S,73.5,0,386,2,male,0,0.0,Mr,
1.0,S,46.9,2,387,3,male,5,0.0,Master,
36.0,S,13.0,0,388,2,female,0,1.0,Miss,
,Q,7.7292,0,389,3,male,0,0.0,Mr,
17.0,C,12.0,0,390,2,female,0,1.0,Miss,
36.0,S,120.0,2,391,1,male,1,1.0,Mr,B
21.0,S,7.7958,0,392,3,male,0,1.0,Mr,
28.0,S,7.925,0,393,3,male,2,0.0,Mr,
23.0,C,113.275,0,394,1,female,1,1.0,Miss,D
24.0,S,16.7,2,395,3,female,0,1.0,Mrs,G
22.0,S,7.7958,0,396,3,male,0,0.0,Mr,
31.0,S,7.8542,0,397,3,female,0,0.0,Miss,
46.0,S,26.0,0,398,2,male,0,0.0,Mr,
23.0,S,10.5,0,399,2,male,0,0.0,Dr,
28.0,S,12.65,0,400,2,female,0,1.0,Mrs,
39.0,S,7.925,0,401,3,male,0,1.0,Mr,
26.0,S,8.05,0,402,3,male,0,0.0,Mr,
21.0,S,9.825,0,403,3,female,1,0.0,Miss,
28.0,S,15.85,0,404,3,male,1,0.0,Mr,
20.0,S,8.6625,0,405,3,female,0,0.0,Miss,
34.0,S,21.0,0,406,2,male,1,0.0,Mr,
51.0,S,7.75,0,407,3,male,0,0.0,Mr,
3.0,S,18.75,1,408,2,male,1,1.0,Master,
21.0,S,7.775,0,409,3,male,0,0.0,Mr,
,S,25.4667,1,410,3,female,3,0.0,Miss,
,S,7.8958,0,411,3,male,0,0.0,Mr,
,Q,6.8583,0,412,3,male,0,0.0,Mr,
33.0,Q,90.0,0,413,1,female,1,1.0,Miss,C
,S,0.0,0,414,2,male,0,0.0,Mr,
44.0,S,7.925,0,415,3,male,0,1.0,Mr,
,S,8.05,0,416,3,female,0,0.0,Mrs,
34.0,S,32.5,1,417,2,female,1,1.0,Mrs,
18.0,S,13.0,2,418,2,female,0,1.0,Miss,
30.0,S,13.0,0,419,2,male,0,0.0,Mr,
10.0,S,24.15,2,420,3,female,0,0.0,Miss,
,C,7.8958,0,421,3,male,0,0.0,Mr,
21.0,Q,7.7333,0,422,3,male,0,0.0,Mr,
29.0,S,7.875,0,423,3,male,0,0.0,Mr,
28.0,S,14.4,1,424,3,female,1,0.0,Mrs,
18.0,S,20.2125,1,425,3,male,1,0.0,Mr,
,S,7.25,0,426,3,male,0,0.0,Mr,
28.0,S,26.0,0,427,2,female,1,1.0,Mrs,
19.0,S,26.0,0,428,2,female,0,1.0,Miss,
,Q,7.75,0,429,3,male,0,0.0,Mr,
32.0,S,8.05,0,430,3,male,0,1.0,Mr,E
28.0,S,26.55,0,431,1,male,0,1.0,Mr,C
,S,16.1,0,432,3,female,1,1.0,Mrs,
42.0,S,26.0,0,433,2,female,1,1.0,Mrs,
17.0,S,7.125,0,434,3,male,0,0.0,Mr,
50.0,S,55.9,0,435,1,male,1,0.0,Mr,E
14.0,S,120.0,2,436,1,female,1,1.0,Miss,B
21.0,S,34.375,2,437,3,female,2,0.0,Miss,
24.0,S,18.75,3,438,2,female,2,1.0,Mrs,
64.0,S,263.0,4,439,1,male,1,0.0,Mr,C
31.0,S,10.5,0,440,2,male,0,0.0,Mr,
45.0,S,26.25,1,441,2,female,1,1.0,Mrs,
20.0,S,9.5,0,442,3,male,0,0.0,Mr,
25.0,S,7.775,0,443,3,male,1,0.0,Mr,
28.0,S,13.0,0,444,2,female,0,1.0,other,
,S,8.1125,0,445,3,male,0,1.0,Mr,
4.0,S,81.8583,2,446,1,male,0,1.0,Master,A
13.0,S,19.5,1,447,2,female,0,1.0,Miss,
34.0,S,26.55,0,448,1,male,0,1.0,Mr,
5.0,C,19.2583,1,449,3,female,2,1.0,Miss,
52.0,S,30.5,0,450,1,male,0,1.0,other,C
36.0,S,27.75,2,451,2,male,1,0.0,Mr,
,S,19.9667,0,452,3,male,1,0.0,Mr,
30.0,C,27.75,0,453,1,male,0,0.0,Mr,C
49.0,C,89.1042,0,454,1,male,1,1.0,Mr,C
,S,8.05,0,455,3,male,0,0.0,Mr,
29.0,C,7.8958,0,456,3,male,0,1.0,Mr,
65.0,S,26.55,0,457,1,male,0,0.0,Mr,E
,S,51.8625,0,458,1,female,1,1.0,Mrs,D
50.0,S,10.5,0,459,2,female,0,1.0,Miss,
,Q,7.75,0,460,3,male,0,0.0,Mr,
48.0,S,26.55,0,461,1,male,0,1.0,Mr,E
34.0,S,8.05,0,462,3,male,0,0.0,Mr,
47.0,S,38.5,0,463,1,male,0,0.0,Mr,E
48.0,S,13.0,0,464,2,male,0,0.0,Mr,
,S,8.05,0,465,3,male,0,0.0,Mr,
38.0,S,7.05,0,466,3,male,0,0.0,Mr,
,S,0.0,0,467,2,male,0,0.0,Mr,
56.0,S,26.55,0,468,1,male,0,0.0,Mr,
,Q,7.725,0,469,3,male,0,0.0,Mr,
0.75,C,19.2583,1,470,3,female,2,1.0,Miss,
,S,7.25,0,471,3,male,0,0.0,Mr,
38.0,S,8.6625,0,472,3,male,0,0.0,Mr,
33.0,S,27.75,2,473,2,female,1,1.0,Mrs,
23.0,C,13.7917,0,474,2,female,0,1.0,Mrs,D
22.0,S,9.8375,0,475,3,female,0,0.0,Miss,
,S,52.0,0,476,1,male,0,0.0,Mr,A
34.0,S,21.0,0,477,2,male,1,0.0,Mr,
29.0,S,7.0458,0,478,3,male,1,0.0,Mr,
22.0,S,7.5208,0,479,3,male,0,0.0,Mr,
2.0,S,12.2875,1,480,3,female,0,1.0,Miss,
9.0,S,46.9,2,481,3,male,5,0.0,Master,
,S,0.0,0,482,2,male,0,0.0,Mr,
50.0,S,8.05,0,483,3,male,0,0.0,Mr,
63.0,S,9.5875,0,484,3,female,0,1.0,Mrs,
25.0,C,91.0792,0,485,1,male,1,1.0,Mr,B
,S,25.4667,1,486,3,female,3,0.0,Miss,
35.0,S,90.0,0,487,1,female,1,1.0,Mrs,C
58.0,C,29.7,0,488,1,male,0,0.0,Mr,B
30.0,S,8.05,0,489,3,male,0,0.0,Mr,
9.0,S,15.9,1,490,3,male,1,1.0,Master,
,S,19.9667,0,491,3,male,1,0.0,Mr,
21.0,S,7.25,0,492,3,male,0,0.0,Mr,
55.0,S,30.5,0,493,1,male,0,0.0,Mr,C
71.0,C,49.5042,0,494,1,male,0,0.0,Mr,
21.0,S,8.05,0,495,3,male,0,0.0,Mr,
,C,14.4583,0,496,3,male,0,0.0,Mr,
54.0,C,78.2667,0,497,1,female,1,1.0,Miss,D
,S,15.1,0,498,3,male,0,0.0,Mr,
25.0,S,151.55,2,499,1,female,1,0.0,Mrs,C
24.0,S,7.7958,0,500,3,male,0,0.0,Mr,
17.0,S,8.6625,0,501,3,male,0,0.0,Mr,
21.0,Q,7.75,0,502,3,female,0,0.0,Miss,
,Q,7.6292,0,503,3,female,0,0.0,Miss,
37.0,S,9.5875,0,504,3,female,0,0.0,Miss,
16.0,S,86.5,0,505,1,female,0,1.0,Miss,B
18.0,C,108.9,0,506,1,male,1,0.0,Mr,C
33.0,S,26.0,2,507,2,female,0,1.0,Mrs,
,S,26.55,0,508,1,male,0,1.0,Mr,
28.0,S,22.525,0,509,3,male,0,0.0,Mr,
26.0,S,56.4958,0,510,3,male,0,1.0,Mr,
29.0,Q,7.75,0,511,3,male,0,1.0,Mr,
,S,8.05,0,512,3,male,0,0.0,Mr,
36.0,S,26.2875,0,513,1,male,0,1.0,Mr,E
54.0,C,59.4,0,514,1,female,1,1.0,Mrs,
24.0,S,7.4958,0,515,3,male,0,0.0,Mr,
47.0,S,34.0208,0,516,1,male,0,0.0,Mr,D
34.0,S,10.5,0,517,2,female,0,1.0,Mrs,F
,Q,24.15,0,518,3,male,0,0.0,Mr,
36.0,S,26.0,0,519,2,female,1,1.0,Mrs,
32.0,S,7.8958,0,520,3,male,0,0.0,Mr,
30.0,S,93.5,0,521,1,female,0,1.0,Miss,B
22.0,S,7.8958,0,522,3,male,0,0.0,Mr,
,C,7.225,0,523,3,male,0,0.0,Mr,
44.0,C,57.9792,1,524,1,female,0,1.0,Mrs,B
,C,7.2292,0,525,3,male,0,0.0,Mr,
40.5,Q,7.75,0,526,3,male,0,0.0,Mr,
50.0,S,10.5,0,527,2,female,0,1.0,Miss,
,S,221.7792,0,528,1,male,0,0.0,Mr,C
39.0,S,7.925,0,529,3,male,0,0.0,Mr,
23.0,S,11.5,1,530,2,male,2,0.0,Mr,
2.0,S,26.0,1,531,2,female,1,1.0,Miss,
,C,7.2292,0,532,3,male,0,0.0,Mr,
17.0,C,7.2292,1,533,3,male,1,0.0,Mr,
,C,22.3583,2,534,3,female,0,1.0,Mrs,
30.0,S,8.6625,0,535,3,female,0,0.0,Miss,
7.0,S,26.25,2,536,2,female,0,1.0,Miss,
45.0,S,26.55,0,537,1,male,0,0.0,other,B
30.0,C,106.425,0,538,1,female,0,1.0,Miss,
,S,14.5,0,539,3,male,0,0.0,Mr,
22.0,C,49.5,2,540,1,female,0,1.0,Miss,B
36.0,S,71.0,2,541,1,female,0,1.0,Miss,B
9.0,S,31.275,2,542,3,female,4,0.0,Miss,
11.0,S,31.275,2,543,3,female,4,0.0,Miss,
32.0,S,26.0,0,544,2,male,1,1.0,Mr,
50.0,C,106.425,0,545,1,male,1,0.0,Mr,C
64.0,S,26.0,0,546,1,male,0,0.0,Mr,
19.0,S,26.0,0,547,2,female,1,1.0,Mrs,
,C,13.8625,0,548,2,male,0,1.0,Mr,
33.0,S,20.525,1,549,3,male,1,0.0,Mr,
8.0,S,36.75,1,550,2,male,1,1.0,Master,
17.0,C,110.8833,2,551,1,male,0,1.0,Mr,C
27.0,S,26.0,0,552,2,male,0,0.0,Mr,
,Q,7.8292,0,553,3,male,0,0.0,Mr,
22.0,C,7.225,0,554,3,male,0,1.0,Mr,
22.0,S,7.775,0,555,3,female,0,1.0,Miss,
62.0,S,26.55,0,556,1,male,0,0.0,Mr,
48.0,C,39.6,0,557,1,female,1,1.0,other,A
,C,227.525,0,558,1,male,0,0.0,Mr,
39.0,S,79.65,1,559,1,female,1,1.0,Mrs,E
36.0,S,17.4,0,560,3,female,1,1.0,Mrs,
,Q,7.75,0,561,3,male,0,0.0,Mr,
40.0,S,7.8958,0,562,3,male,0,0.0,Mr,
28.0,S,13.5,0,563,2,male,0,0.0,Mr,
,S,8.05,0,564,3,male,0,0.0,Mr,
,S,8.05,0,565,3,female,0,0.0,Miss,
24.0,S,24.15,0,566,3,male,2,0.0,Mr,
19.0,S,7.8958,0,567,3,male,0,0.0,Mr,
29.0,S,21.075,4,568,3,female,0,0.0,Mrs,
,C,7.2292,0,569,3,male,0,0.0,Mr,
32.0,S,7.8542,0,570,3,male,0,1.0,Mr,
62.0,S,10.5,0,571,2,male,0,1.0,Mr,
53.0,S,51.4792,0,572,1,female,2,1.0,Mrs,C
36.0,S,26.3875,0,573,1,male,0,1.0,Mr,E
,Q,7.75,0,574,3,female,0,1.0,Miss,
16.0,S,8.05,0,575,3,male,0,0.0,Mr,
19.0,S,14.5,0,576,3,male,0,0.0,Mr,
34.0,S,13.0,0,577,2,female,0,1.0,Miss,
39.0,S,55.9,0,578,1,female,1,1.0,Mrs,E
,C,14.4583,0,579,3,female,1,0.0,Mrs,
32.0,S,7.925,0,580,3,male,0,1.0,Mr,
25.0,S,30.0,1,581,2,female,1,1.0,Miss,
39.0,C,110.8833,1,582,1,female,1,1.0,Mrs,C
54.0,S,26.0,0,583,2,male,0,0.0,Mr,
36.0,C,40.125,0,584,1,male,0,0.0,Mr,A
,C,8.7125,0,585,3,male,0,0.0,Mr,
18.0,S,79.65,2,586,1,female,0,1.0,Miss,E
47.0,S,15.0,0,587,2,male,0,0.0,Mr,
60.0,C,79.2,1,588,1,male,1,1.0,Mr,B
22.0,S,8.05,0,589,3,male,0,0.0,Mr,
,S,8.05,0,590,3,male,0,0.0,Mr,
35.0,S,7.125,0,591,3,male,0,0.0,Mr,
52.0,C,78.2667,0,592,1,female,1,1.0,Mrs,D
47.0,S,7.25,0,593,3,male,0,0.0,Mr,
,Q,7.75,2,594,3,female,0,0.0,Miss,
37.0,S,26.0,0,595,2,male,1,0.0,Mr,
36.0,S,24.15,1,596,3,male,1,0.0,Mr,
,S,33.0,0,597,2,female,0,1.0,Miss,
49.0,S,0.0,0,598,3,male,0,0.0,Mr,
,C,7.225,0,599,3,male,0,0.0,Mr,
49.0,C,56.9292,0,600,1,male,1,1.0,other,A
24.0,S,27.0,1,601,2,female,2,1.0,Mrs,
,S,7.8958,0,602,3,male,0,0.0,Mr,
,S,42.4,0,603,1,male,0,0.0,Mr,
44.0,S,8.05,0,604,3,male,0,0.0,Mr,
35.0,C,26.55,0,605,1,male,0,1.0,Mr,
36.0,S,15.55,0,606,3,male,1,0.0,Mr,
30.0,S,7.8958,0,607,3,male,0,0.0,Mr,
27.0,S,30.5,0,608,1,male,0,1.0,Mr,
22.0,C,41.5792,2,609,2,female,1,1.0,Mrs,
40.0,S,153.4625,0,610,1,female,0,1.0,Miss,C
39.0,S,31.275,5,611,3,female,1,0.0,Mrs,
,S,7.05,0,612,3,male,0,0.0,Mr,
,Q,15.5,0,613,3,female,1,1.0,Miss,
,Q,7.75,0,614,3,male,0,0.0,Mr,
35.0,S,8.05,0,615,3,male,0,0.0,Mr,
24.0,S,65.0,2,616,2,female,1,1.0,Miss,
34.0,S,14.4,1,617,3,male,1,0.0,Mr,
26.0,S,16.1,0,618,3,female,1,0.0,Mrs,
4.0,S,39.0,1,619,2,female,2,1.0,Miss,F
26.0,S,10.5,0,620,2,male,0,0.0,Mr,
27.0,C,14.4542,0,621,3,male,1,0.0,Mr,
42.0,S,52.5542,0,622,1,male,1,1.0,Mr,D
20.0,C,15.7417,1,623,3,male,1,1.0,Mr,
21.0,S,7.8542,0,624,3,male,0,0.0,Mr,
21.0,S,16.1,0,625,3,male,0,0.0,Mr,
61.0,S,32.3208,0,626,1,male,0,0.0,Mr,D
57.0,Q,12.35,0,627,2,male,0,0.0,Rev,
21.0,S,77.9583,0,628,1,female,0,1.0,Miss,D
26.0,S,7.8958,0,629,3,male,0,0.0,Mr,
,Q,7.7333,0,630,3,male,0,0.0,Mr,
80.0,S,30.0,0,631,1,male,0,1.0,Mr,A
51.0,S,7.0542,0,632,3,male,0,0.0,Mr,
32.0,C,30.5,0,633,1,male,0,1.0,Dr,B
,S,0.0,0,634,1,male,0,0.0,Mr,
9.0,S,27.9,2,635,3,female,3,0.0,Miss,
28.0,S,13.0,0,636,2,female,0,1.0,Miss,
32.0,S,7.925,0,637,3,male,0,0.0,Mr,
31.0,S,26.25,1,638,2,male,1,0.0,Mr,
41.0,S,39.6875,5,639,3,female,0,0.0,Mrs,
,S,16.1,0,640,3,male,1,0.0,Mr,
20.0,S,7.8542,0,641,3,male,0,0.0,Mr,
24.0,C,69.3,0,642,1,female,0,1.0,other,B
2.0,S,27.9,2,643,3,female,3,0.0,Miss,
,S,56.4958,0,644,3,male,0,1.0,Mr,
0.75,C,19.2583,1,645,3,female,2,1.0,Miss,
48.0,C,76.7292,0,646,1,male,1,1.0,Mr,D
19.0,S,7.8958,0,647,3,male,0,0.0,Mr,
56.0,C,35.5,0,648,1,male,0,1.0,other,A
,S,7.55,0,649,3,male,0,0.0,Mr,
23.0,S,7.55,0,650,3,female,0,1.0,Miss,
,S,7.8958,0,651,3,male,0,0.0,Mr,
18.0,S,23.0,1,652,2,female,0,1.0,Miss,
21.0,S,8.4333,0,653,3,male,0,0.0,Mr,
,Q,7.8292,0,654,3,female,0,1.0,Miss,
18.0,Q,6.75,0,655,3,female,0,0.0,Miss,
24.0,S,73.5,0,656,2,male,2,0.0,Mr,
,S,7.8958,0,657,3,male,0,0.0,Mr,
32.0,Q,15.5,1,658,3,female,1,0.0,Mrs,
23.0,S,13.0,0,659,2,male,0,0.0,Mr,
58.0,C,113.275,2,660,1,male,0,0.0,Mr,D
50.0,S,133.65,0,661,1,male,2,1.0,Dr,
40.0,C,7.225,0,662,3,male,0,0.0,Mr,
47.0,S,25.5875,0,663,1,male,0,0.0,Mr,E
36.0,S,7.4958,0,664,3,male,0,0.0,Mr,
20.0,S,7.925,0,665,3,male,1,1.0,Mr,
32.0,S,73.5,0,666,2,male,2,0.0,Mr,
25.0,S,13.0,0,667,2,male,0,0.0,Mr,
,S,7.775,0,668,3,male,0,0.0,Mr,
43.0,S,8.05,0,669,3,male,0,0.0,Mr,
,S,52.0,0,670,1,female,1,1.0,Mrs,C
40.0,S,39.0,1,671,2,female,1,1.0,Mrs,
31.0,S,52.0,0,672,1,male,1,0.0,Mr,B
70.0,S,10.5,0,673,2,male,0,0.0,Mr,
31.0,S,13.0,0,674,2,male,0,1.0,Mr,
,S,0.0,0,675,2,male,0,0.0,Mr,
18.0,S,7.775,0,676,3,male,0,0.0,Mr,
24.5,S,8.05,0,677,3,male,0,0.0,Mr,
18.0,S,9.8417,0,678,3,female,0,1.0,Miss,
43.0,S,46.9,6,679,3,female,1,0.0,Mrs,
36.0,C,512.3292,1,680,1,male,0,1.0,Mr,B
,Q,8.1375,0,681,3,female,0,0.0,Miss,
27.0,C,76.7292,0,682,1,male,0,1.0,Mr,D
20.0,S,9.225,0,683,3,male,0,0.0,Mr,
14.0,S,46.9,2,684,3,male,5,0.0,Mr,
60.0,S,39.0,1,685,2,male,1,0.0,Mr,
25.0,C,41.5792,2,686,2,male,1,0.0,Mr,
14.0,S,39.6875,1,687,3,male,4,0.0,Mr,
19.0,S,10.1708,0,688,3,male,0,0.0,Mr,
18.0,S,7.7958,0,689,3,male,0,0.0,Mr,
15.0,S,211.3375,1,690,1,female,0,1.0,Miss,B
31.0,S,57.0,0,691,1,male,1,1.0,Mr,B
4.0,C,13.4167,1,692,3,female,0,1.0,Miss,
,S,56.4958,0,693,3,male,0,1.0,Mr,
25.0,C,7.225,0,694,3,male,0,0.0,Mr,
60.0,S,26.55,0,695,1,male,0,0.0,other,
52.0,S,13.5,0,696,2,male,0,0.0,Mr,
44.0,S,8.05,0,697,3,male,0,0.0,Mr,
,Q,7.7333,0,698,3,female,0,1.0,Miss,
49.0,C,110.8833,1,699,1,male,1,0.0,Mr,C
42.0,S,7.65,0,700,3,male,0,0.0,Mr,F
18.0,C,227.525,0,701,1,female,1,1.0,Mrs,C
35.0,S,26.2875,0,702,1,male,0,1.0,Mr,E
18.0,C,14.4542,1,703,3,female,0,0.0,Miss,
25.0,Q,7.7417,0,704,3,male,0,0.0,Mr,
26.0,S,7.8542,0,705,3,male,1,0.0,Mr,
39.0,S,26.0,0,706,2,male,0,0.0,Mr,
45.0,S,13.5,0,707,2,female,0,1.0,Mrs,
42.0,S,26.2875,0,708,1,male,0,1.0,Mr,E
22.0,S,151.55,0,709,1,female,0,1.0,Miss,
,C,15.2458,1,710,3,male,1,1.0,Master,
24.0,C,49.5042,0,711,1,female,0,1.0,other,C
,S,26.55,0,712,1,male,0,0.0,Mr,C
48.0,S,52.0,0,713,1,male,1,1.0,Mr,C
29.0,S,9.4833,0,714,3,male,0,0.0,Mr,
52.0,S,13.0,0,715,2,male,0,0.0,Mr,
19.0,S,7.65,0,716,3,male,0,0.0,Mr,F
38.0,C,227.525,0,717,1,female,0,1.0,Miss,C
27.0,S,10.5,0,718,2,female,0,1.0,Miss,E
,Q,15.5,0,719,3,male,0,0.0,Mr,
33.0,S,7.775,0,720,3,male,0,0.0,Mr,
6.0,S,33.0,1,721,2,female,0,1.0,Miss,
17.0,S,7.0542,0,722,3,male,1,0.0,Mr,
34.0,S,13.0,0,723,2,male,0,0.0,Mr,
50.0,S,13.0,0,724,2,male,0,0.0,Mr,
27.0,S,53.1,0,725,1,male,1,1.0,Mr,E
20.0,S,8.6625,0,726,3,male,0,0.0,Mr,
30.0,S,21.0,0,727,2,female,3,1.0,Mrs,
,Q,7.7375,0,728,3,female,0,1.0,Miss,
25.0,S,26.0,0,729,2,male,1,0.0,Mr,
25.0,S,7.925,0,730,3,female,1,0.0,Miss,
29.0,S,211.3375,0,731,1,female,0,1.0,Miss,B
11.0,C,18.7875,0,732,3,male,0,0.0,Mr,
,S,0.0,0,733,2,male,0,0.0,Mr,
23.0,S,13.0,0,734,2,male,0,0.0,Mr,
23.0,S,13.0,0,735,2,male,0,0.0,Mr,
28.5,S,16.1,0,736,3,male,0,0.0,Mr,
48.0,S,34.375,3,737,3,female,1,0.0,Mrs,
35.0,C,512.3292,0,738,1,male,0,1.0,Mr,B
,S,7.8958,0,739,3,male,0,0.0,Mr,
,S,7.8958,0,740,3,male,0,0.0,Mr,
,S,30.0,0,741,1,male,0,1.0,Mr,D
36.0,S,78.85,0,742,1,male,1,0.0,Mr,C
21.0,C,262.375,2,743,1,female,2,1.0,Miss,B
24.0,S,16.1,0,744,3,male,1,0.0,Mr,
31.0,S,7.925,0,745,3,male,0,1.0,Mr,
70.0,S,71.0,1,746,1,male,1,0.0,other,B
16.0,S,20.25,1,747,3,male,1,0.0,Mr,
30.0,S,13.0,0,748,2,female,0,1.0,Miss,
19.0,S,53.1,0,749,1,male,1,0.0,Mr,D
31.0,Q,7.75,0,750,3,male,0,0.0,Mr,
4.0,S,23.0,1,751,2,female,1,1.0,Miss,
6.0,S,12.475,1,752,3,male,0,1.0,Master,E
33.0,S,9.5,0,753,3,male,0,0.0,Mr,
23.0,S,7.8958,0,754,3,male,0,0.0,Mr,
48.0,S,65.0,2,755,2,female,1,1.0,Mrs,
0.67,S,14.5,1,756,2,male,1,1.0,Master,
28.0,S,7.7958,0,757,3,male,0,0.0,Mr,
18.0,S,11.5,0,758,2,male,0,0.0,Mr,
34.0,S,8.05,0,759,3,male,0,0.0,Mr,
33.0,S,86.5,0,760,1,female,0,1.0,other,B
,S,14.5,0,761,3,male,0,0.0,Mr,
41.0,S,7.125,0,762,3,male,0,0.0,Mr,
20.0,C,7.2292,0,763,3,male,0,1.0,Mr,
36.0,S,120.0,2,764,1,female,1,1.0,Mrs,B
16.0,S,7.775,0,765,3,male,0,0.0,Mr,
51.0,S,77.9583,0,766,1,female,1,1.0,Mrs,D
,C,39.6,0,767,1,male,0,0.0,Dr,
30.5,Q,7.75,0,768,3,female,0,0.0,Miss,
,Q,24.15,0,769,3,male,1,0.0,Mr,
32.0,S,8.3625,0,770,3,male,0,0.0,Mr,
24.0,S,9.5,0,771,3,male,0,0.0,Mr,
48.0,S,7.8542,0,772,3,male,0,0.0,Mr,
57.0,S,10.5,0,773,2,female,0,0.0,Mrs,E
,C,7.225,0,774,3,male,0,0.0,Mr,
54.0,S,23.0,3,775,2,female,1,1.0,Mrs,
18.0,S,7.75,0,776,3,male,0,0.0,Mr,
,Q,7.75,0,777,3,male,0,0.0,Mr,F
5.0,S,12.475,0,778,3,female,0,1.0,Miss,
,Q,7.7375,0,779,3,male,0,0.0,Mr,
43.0,S,211.3375,1,780,1,female,0,1.0,Mrs,B
13.0,C,7.2292,0,781,3,female,0,1.0,Miss,
17.0,S,57.0,0,782,1,female,1,1.0,Mrs,B
29.0,S,30.0,0,783,1,male,0,0.0,Mr,D
,S,23.45,2,784,3,male,1,0.0,Mr,
25.0,S,7.05,0,785,3,male,0,0.0,Mr,
25.0,S,7.25,0,786,3,male,0,0.0,Mr,
18.0,S,7.4958,0,787,3,female,0,1.0,Miss,
8.0,Q,29.125,1,788,3,male,4,0.0,Master,
1.0,S,20.575,2,789,3,male,1,1.0,Master,
46.0,C,79.2,0,790,1,male,0,0.0,Mr,B
,Q,7.75,0,791,3,male,0,0.0,Mr,
16.0,S,26.0,0,792,2,male,0,0.0,Mr,
,S,69.55,2,793,3,female,8,0.0,Miss,
,C,30.6958,0,794,1,male,0,0.0,Mr,
25.0,S,7.8958,0,795,3,male,0,0.0,Mr,
39.0,S,13.0,0,796,2,male,0,0.0,Mr,
49.0,S,25.9292,0,797,1,female,0,1.0,Dr,D
31.0,S,8.6833,0,798,3,female,0,1.0,Mrs,
30.0,C,7.2292,0,799,3,male,0,0.0,Mr,
30.0,S,24.15,1,800,3,female,1,0.0,Mrs,
34.0,S,13.0,0,801,2,male,0,0.0,Mr,
31.0,S,26.25,1,802,2,female,1,1.0,Mrs,
11.0,S,120.0,2,803,1,male,1,1.0,Master,B
0.42,C,8.5167,1,804,3,male,0,1.0,Master,
27.0,S,6.975,0,805,3,male,0,1.0,Mr,
31.0,S,7.775,0,806,3,male,0,0.0,Mr,
39.0,S,0.0,0,807,1,male,0,0.0,Mr,A
18.0,S,7.775,0,808,3,female,0,0.0,Miss,
39.0,S,13.0,0,809,2,male,0,0.0,Mr,
33.0,S,53.1,0,810,1,female,1,1.0,Mrs,E
26.0,S,7.8875,0,811,3,male,0,0.0,Mr,
39.0,S,24.15,0,812,3,male,0,0.0,Mr,
35.0,S,10.5,0,813,2,male,0,0.0,Mr,
6.0,S,31.275,2,814,3,female,4,0.0,Miss,
30.5,S,8.05,0,815,3,male,0,0.0,Mr,
,S,0.0,0,816,1,male,0,0.0,Mr,B
23.0,S,7.925,0,817,3,female,0,0.0,Miss,
31.0,C,37.0042,1,818,2,male,1,0.0,Mr,
43.0,S,6.45,0,819,3,male,0,0.0,Mr,
10.0,S,27.9,2,820,3,male,3,0.0,Master,
52.0,S,93.5,1,821,1,female,1,1.0,Mrs,B
27.0,S,8.6625,0,822,3,male,0,1.0,Mr,
38.0,S,0.0,0,823,1,male,0,0.0,other,
27.0,S,12.475,1,824,3,female,0,1.0,Mrs,E
2.0,S,39.6875,1,825,3,male,4,0.0,Master,
,Q,6.95,0,826,3,male,0,0.0,Mr,
,S,56.4958,0,827,3,male,0,0.0,Mr,
1.0,C,37.0042,2,828,2,male,0,1.0,Master,
,Q,7.75,0,829,3,male,0,1.0,Mr,
62.0,,80.0,0,830,1,female,0,1.0,Mrs,B
15.0,C,14.4542,0,831,3,female,1,1.0,Mrs,
0.83,S,18.75,1,832,2,male,1,1.0,Master,
,C,7.2292,0,833,3,male,0,0.0,Mr,
23.0,S,7.8542,0,834,3,male,0,0.0,Mr,
18.0,S,8.3,0,835,3,male,0,0.0,Mr,
39.0,C,83.1583,1,836,1,female,1,1.0,Miss,E
21.0,S,8.6625,0,837,3,male,0,0.0,Mr,
,S,8.05,0,838,3,male,0,0.0,Mr,
32.0,S,56.4958,0,839,3,male,0,1.0,Mr,
,C,29.7,0,840,1,male,0,1.0,Mr,C
20.0,S,7.925,0,841,3,male,0,0.0,Mr,
16.0,S,10.5,0,842,2,male,0,0.0,Mr,
30.0,C,31.0,0,843,1,female,0,1.0,Miss,
34.5,C,6.4375,0,844,3,male,0,0.0,Mr,
17.0,S,8.6625,0,845,3,male,0,0.0,Mr,
42.0,S,7.55,0,846,3,male,0,0.0,Mr,
,S,69.55,2,847,3,male,8,0.0,Mr,
35.0,C,7.8958,0,848,3,male,0,0.0,Mr,
28.0,S,33.0,1,849,2,male,0,0.0,Rev,
,C,89.1042,0,850,1,female,1,1.0,Mrs,C
4.0,S,31.275,2,851,3,male,4,0.0,Master,
74.0,S,7.775,0,852,3,male,0,0.0,Mr,
9.0,C,15.2458,1,853,3,female,1,0.0,Miss,
16.0,S,39.4,1,854,1,female,0,1.0,Miss,D
44.0,S,26.0,0,855,2,female,1,0.0,Mrs,
18.0,S,9.35,1,856,3,female,0,1.0,Mrs,
45.0,S,164.8667,1,857,1,female,1,1.0,Mrs,
51.0,S,26.55,0,858,1,male,0,1.0,Mr,E
24.0,C,19.2583,3,859,3,female,0,1.0,Mrs,
,C,7.2292,0,860,3,male,0,0.0,Mr,
41.0,S,14.1083,0,861,3,male,2,0.0,Mr,
21.0,S,11.5,0,862,2,male,1,0.0,Mr,
48.0,S,25.9292,0,863,1,female,0,1.0,Mrs,D
,S,69.55,2,864,3,female,8,0.0,Miss,
24.0,S,13.0,0,865,2,male,0,0.0,Mr,
42.0,S,13.0,0,866,2,female,0,1.0,Mrs,
27.0,C,13.8583,0,867,2,female,1,1.0,Miss,
31.0,S,50.4958,0,868,1,male,0,0.0,Mr,A
,S,9.5,0,869,3,male,0,0.0,Mr,
4.0,S,11.1333,1,870,3,male,1,1.0,Master,
26.0,S,7.8958,0,871,3,male,0,0.0,Mr,
47.0,S,52.5542,1,872,1,female,1,1.0,Mrs,D
33.0,S,5.0,0,873,1,male,0,0.0,Mr,B
47.0,S,9.0,0,874,3,male,0,0.0,Mr,
28.0,C,24.0,0,875,2,female,1,1.0,Mrs,
15.0,C,7.225,0,876,3,female,0,1.0,Miss,
20.0,S,9.8458,0,877,3,male,0,0.0,Mr,
19.0,S,7.8958,0,878,3,male,0,0.0,Mr,
,S,7.8958,0,879,3,male,0,0.0,Mr,
56.0,C,83.1583,1,880,1,female,0,1.0,Mrs,C
25.0,S,26.0,1,881,2,female,0,1.0,Mrs,
33.0,S,7.8958,0,882,3,male,0,0.0,Mr,
22.0,S,10.5167,0,883,3,female,0,0.0,Miss,
28.0,S,10.5,0,884,2,male,0,0.0,Mr,
25.0,S,7.05,0,885,3,male,0,0.0,Mr,
39.0,Q,29.125,5,886,3,female,0,0.0,Mrs,
27.0,S,13.0,0,887,2,male,0,0.0,Rev,
19.0,S,30.0,0,888,1,female,0,1.0,Miss,B
,S,23.45,2,889,3,female,1,0.0,Miss,
26.0,C,30.0,0,890,1,male,0,1.0,Mr,C
32.0,Q,7.75,0,891,3,male,0,0.0,Mr,
